CI00866467;grid655;10.116.206.1;33C
CI00866468;grid656;10.116.206.2;33C
CI00866483;grid657;10.116.206.3;33C
CI00866484;grid658;10.116.206.4;33C
CI00866470;grid659;10.116.206.5;33C
CI00866469;grid660;10.116.206.6;33C
CI00866481;grid661;10.116.206.7;33C
CI00866480;grid662;10.116.206.8;33C
CI00866479;grid663;10.116.206.9;33C
CI00866482;grid664;10.116.206.10;33C
CI00866471;grid665;10.116.206.11;33C
CI00866477;grid666;10.116.206.12;33C
CI00866472;grid667;10.116.206.13;33C
CI00866473;grid668;10.116.206.14;33C
CI00866476;grid669;10.116.206.15;33C
CI00866475;grid670;10.116.206.16;33C
CI00866478;grid671;10.116.206.17;33C
CI00866474;grid672;10.116.206.18;33C
CI00866498;grid673;10.116.206.19;33D
CI00866500;grid674;10.116.206.20;33D
CI00866487;grid675;10.116.206.21;33D
CI00866490;grid676;10.116.206.22;33D
CI00866493;grid677;10.116.206.23;33D
CI00866492;grid678;10.116.206.24;33D
CI00866502;grid679;10.116.206.25;33D
CI00866494;grid680;10.116.206.26;33D
CI00866491;grid681;10.116.206.27;33D
CI00866501;grid682;10.116.206.28;33D
CI00866486;grid683;10.116.206.29;33D
CI00866485;grid684;10.116.206.30;33D
CI00866499;grid685;10.116.206.31;33D
CI00866495;grid686;10.116.206.32;33D
CI00866497;grid687;10.116.206.33;33D
CI00866488;grid688;10.116.206.34;33D
CI00866489;grid689;10.116.206.35;33D
CI00866496;grid690;10.116.206.36;33D
CI00866510;grid691;10.116.206.65;33E
CI00866506;grid692;10.116.206.66;33E
CI00866508;grid693;10.116.206.67;33E
CI00866509;grid694;10.116.206.68;33E
CI00866511;grid695;10.116.206.69;33E
CI00866514;grid696;10.116.206.70;33E
CI00866503;grid697;10.116.206.71;33E
CI00866504;grid698;10.116.206.72;33E
CI00866515;grid699;10.116.206.73;33E
CI00866516;grid700;10.116.206.74;33E
CI00866518;grid701;10.116.206.75;33E
CI00866513;grid702;10.116.206.76;33E
CI00866512;grid703;10.116.206.77;33E
CI00866507;grid704;10.116.206.78;33E
CI00866505;grid705;10.116.206.79;33E
CI00866517;grid706;10.116.206.80;33E
CI00866519;grid707;10.116.206.81;33E
CI00866520;grid708;10.116.206.82;33E
CI00870295;grid709;10.116.206.83;33F
CI00870299;grid710;10.116.206.84;33F
CI00870277;grid711;10.116.206.85;33F
CI00870294;grid712;10.116.206.86;33F
CI00870289;grid713;10.116.206.87;33F
CI00870307;grid714;10.116.206.88;33F
CI00870284;grid715;10.116.206.89;33F
CI00870287;grid716;10.116.206.90;33F
CI00870292;grid717;10.116.206.91;33F
CI00870276;grid718;10.116.206.92;33F
CI00870286;grid719;10.116.206.93;33F
CI00870308;grid720;10.116.206.94;33F
CI00870274;grid721;10.116.206.95;33F
CI00870275;grid722;10.116.206.96;33F
CI00870285;grid723;10.116.206.97;33F
CI00870297;grid724;10.116.206.98;33F
CI00870288;grid725;10.116.206.99;33F
CI00870293;grid726;10.116.206.100;33F
CI00872620;grid947;10.116.215.19;G18
CI00872624;grid948;10.116.215.20;G18
CI00872618;grid949;10.116.215.21;G18
CI00872617;grid950;10.116.215.22;G18
CI00872627;grid951;10.116.215.23;G18
CI00872625;grid952;10.116.215.24;G18
CI00872632;grid953;10.116.215.25;G18
CI00872626;grid954;10.116.215.26;G18
CI00872631;grid955;10.116.215.27;G18
CI00872633;grid956;10.116.215.28;G18
CI00872629;grid957;10.116.215.29;G18
CI00872635;grid958;10.116.215.30;G18
CI00872637;grid959;10.116.215.31;G18
CI00872634;grid960;10.116.215.32;G18
CI00872623;grid961;10.116.215.33;G18
CI00872619;grid962;10.116.215.34;G18
CI00872636;grid963;10.116.215.35;G18
CI00872630;grid964;10.116.215.36;G18
CI00872441;grid929;10.116.215.1;G17
CI00872440;grid930;10.116.215.2;G17
CI00872439;grid931;10.116.215.3;G17
CI00872454;grid932;10.116.215.4;G17
CI00872457;grid933;10.116.215.5;G17
CI00872456;grid934;10.116.215.6;G17
CI00872444;grid935;10.116.215.7;G17
CI00872449;grid936;10.116.215.8;G17
CI00872446;grid937;10.116.215.9;G17
CI00872459;grid938;10.116.215.10;G17
CI00872452;grid939;10.116.215.11;G17
CI00872458;grid940;10.116.215.12;G17
CI00872455;grid941;10.116.215.13;G17
CI00872453;grid942;10.116.215.14;G17
CI00872451;grid943;10.116.215.15;G17
CI00872450;grid944;10.116.215.16;G17
CI00872447;grid945;10.116.215.17;G17
CI00872442;grid946;10.116.215.18;G17
CI00872467;grid911;10.116.214.211;G15
CI00872473;grid912;10.116.214.212;G15
CI00872479;grid913;10.116.214.213;G15
CI00872465;grid914;10.116.214.214;G15
CI00872483;grid915;10.116.214.215;G15
CI00872468;grid916;10.116.214.216;G15
CI00872471;grid917;10.116.214.217;G15
CI00872466;grid918;10.116.214.218;G15
CI00872469;grid919;10.116.214.219;G15
CI00872460;grid920;10.116.214.220;G15
CI00872461;grid921;10.116.214.221;G15
CI00872463;grid922;10.116.214.222;G15
CI00872482;grid923;10.116.214.223;G15
CI00872462;grid924;10.116.214.224;G15
CI00872484;grid925;10.116.214.225;G15
CI00872478;grid926;10.116.214.226;G15
CI00872481;grid927;10.116.214.227;G15
CI00872472;grid928;10.116.214.228;G15
CI00872499;grid893;10.116.214.193;G14
CI00872488;grid894;10.116.214.194;G14
CI00872509;grid895;10.116.214.195;G14
CI00872491;grid896;10.116.214.196;G14
CI00872513;grid897;10.116.214.197;G14
CI00872503;grid898;10.116.214.198;G14
CI00872487;grid899;10.116.214.199;G14
CI00872522;grid900;10.116.214.200;G14
CI00872514;grid901;10.116.214.201;G14
CI00872517;grid902;10.116.214.202;G14
CI00872510;grid903;10.116.214.203;G14
CI00872498;grid904;10.116.214.204;G14
CI00872504;grid905;10.116.214.205;G14
CI00872490;grid906;10.116.214.206;G14
CI00872521;grid907;10.116.214.207;G14
CI00872495;grid908;10.116.214.208;G14
CI00872518;grid909;10.116.214.209;G14
CI00872494;grid910;10.116.214.210;G14
